20140901,317566181,328273322
20140902,306655401,267967459
20140903,290225282,314234760
20140904,250548850,245864040
20140905,248081526,250317588
20140906,179110825,194644428
20140907,203699710,203374123
20140908,317566181,328273322
20140909,306655401,267967459
20140910,290225282,314234760
20140911,250548850,245864040
20140912,248081526,250317588
20140913,179110825,194644428
20140914,203699710,203374123
20140915,317566181,328273322
20140916,306655401,267967459
20140917,290225282,314234760
20140918,250548850,245864040
20140919,248081526,250317588
20140920,179110825,194644428
20140921,203699710,203374123
20140922,317566181,328273322
20140923,306655401,267967459
20140924,290225282,314234760
20140925,250548850,245864040
20140926,248081526,250317588
20140927,179110825,194644428
20140928,203699710,203374123
20140929,317566181,328273322
20140930,306655401,267967459
